City_ID,City,Country,Lat,Lng,Max Temp,Humidity,Cloudiness,Wind Speed,Description
0,Ferme-Neuve,CA,46.7001,-75.4493,48.96,68,100,6.69,overcast clouds
1,Mataura,NZ,-46.1927,168.8643,51.48,99,89,1.99,overcast clouds
2,Vaini,TO,-21.2,-175.2,77.16,69,20,9.22,few clouds
3,Busselton,AU,-33.65,115.3333,56.28,87,72,3.02,broken clouds
4,Ribeira Grande,PT,38.5167,-28.7,63.0,88,40,13.8,scattered clouds
5,Talnakh,RU,69.4865,88.3972,5.13,94,89,7.52,overcast clouds
6,Lakes Entrance,AU,-37.8811,147.981,52.16,86,97,3.06,overcast clouds
7,Yarada,IN,17.65,83.2667,84.52,84,20,5.75,few clouds
8,Atuona,PF,-9.8,-139.0333,79.27,72,25,23.15,scattered clouds
9,Bredasdorp,ZA,-34.5322,20.0403,56.12,75,1,1.66,clear sky
10,Evensk,RU,61.95,159.2333,26.85,95,100,6.08,light snow
11,Alofi,NU,-19.0595,-169.9187,75.54,85,100,14.0,light rain
12,Rikitea,PF,-23.1203,-134.9692,78.15,74,100,22.57,overcast clouds
13,Anchorage,US,61.2181,-149.9003,50.88,56,0,4.61,clear sky
14,Barrow,US,71.2906,-156.7887,8.62,85,100,13.8,mist
15,Zaysan,KZ,47.4667,84.8667,43.11,47,44,7.96,scattered clouds
16,Ushuaia,AR,-54.8,-68.3,37.94,95,100,3.89,light rain
17,Dikson,RU,73.5069,80.5464,2.61,98,94,9.75,overcast clouds
18,Coihaique,CL,-45.5752,-72.0662,41.61,87,75,4.61,broken clouds
19,Hithadhoo,MV,-0.6,73.0833,84.85,73,100,8.46,overcast clouds
20,Deputatskiy,RU,69.3,139.9,0.41,99,100,1.79,overcast clouds
21,Luderitz,NA,-26.6481,15.1594,67.32,41,0,9.19,clear sky
22,Longyearbyen,SJ,78.2186,15.6401,1.24,66,40,14.97,scattered clouds
23,Yeniseysk,RU,58.4497,92.1703,29.34,97,100,1.99,overcast clouds
24,Bluff,NZ,-46.6,168.3333,51.8,81,74,7.63,broken clouds
25,Norton,ZW,-17.8833,30.7,65.26,70,87,8.34,overcast clouds
26,Shenzhen,CN,22.5455,114.0683,81.21,95,4,5.08,clear sky
27,Yellowknife,CA,62.456,-114.3525,42.57,52,59,8.99,broken clouds
28,Ponta Do Sol,PT,32.6667,-17.1,65.71,75,35,4.59,scattered clouds
29,East London,ZA,-33.0153,27.9116,61.97,79,3,12.97,clear sky
30,Provideniya,RU,64.3833,-173.3,28.96,81,44,8.66,scattered clouds
31,Saskylakh,RU,71.9167,114.0833,-2.56,98,99,3.67,overcast clouds
32,Fortuna,US,40.5982,-124.1573,58.93,60,20,16.11,few clouds
33,Albany,US,42.6001,-73.9662,54.54,85,100,1.52,overcast clouds
34,Qaanaaq,GL,77.484,-69.3632,16.56,76,31,3.44,scattered clouds
35,Kapaa,US,22.0752,-159.319,78.78,89,100,14.97,moderate rain
36,Kumluca,TR,36.3703,30.2869,66.42,63,100,2.35,overcast clouds
37,Mareeba,AU,-17.0,145.4333,71.44,95,42,2.21,scattered clouds
38,Cidreira,BR,-30.1811,-50.2056,72.28,86,11,10.56,few clouds
39,Nikolskoye,RU,59.7035,30.7861,40.89,78,84,7.16,broken clouds
40,Kodiak,US,57.79,-152.4072,45.91,53,100,11.5,overcast clouds
41,Lompoc,US,34.6391,-120.4579,76.69,64,0,27.0,clear sky
42,Tranas,SE,58.0372,14.9782,41.4,64,74,2.01,broken clouds
43,Mount Gambier,AU,-37.8333,140.7667,59.56,76,100,6.02,overcast clouds
44,Los Llanos De Aridane,ES,28.6585,-17.9182,62.35,80,20,17.27,few clouds
45,Razole,IN,16.4833,81.8333,79.38,92,15,3.71,few clouds
46,Bethel,US,41.3712,-73.414,55.49,92,100,0.0,mist
47,Marzuq,YE,14.4,46.4667,75.81,61,74,3.71,broken clouds
48,Nhulunbuy,AU,-12.2333,136.7667,75.81,94,92,0.0,overcast clouds
49,Novoagansk,RU,61.9449,76.6625,26.01,99,91,3.83,overcast clouds
50,Poum,NC,-20.2333,164.0167,76.26,63,100,17.02,overcast clouds
51,Upernavik,GL,72.7868,-56.1549,30.2,74,92,6.67,overcast clouds
52,Shingu,JP,33.7333,135.9833,67.89,98,100,5.23,moderate rain
53,Hilo,US,19.7297,-155.09,78.28,94,51,1.01,heavy intensity rain
54,Kaitangata,NZ,-46.2817,169.8464,49.44,93,83,6.76,broken clouds
55,Arraial Do Cabo,BR,-22.9661,-42.0278,78.66,83,0,13.8,clear sky
56,Punta Arenas,CL,-53.15,-70.9167,42.91,61,40,9.22,scattered clouds
57,Weiser,US,44.251,-116.9693,57.87,44,94,9.15,overcast clouds
58,Hermanus,ZA,-34.4187,19.2345,57.87,76,0,8.48,clear sky
59,Avarua,CK,-21.2078,-159.775,82.45,83,20,4.61,few clouds
60,Hobart,AU,-42.8794,147.3294,48.27,92,75,6.91,broken clouds
61,Mecca,SA,21.4267,39.8261,85.64,34,0,2.82,clear sky
62,Lebu,CL,-37.6167,-73.65,52.29,80,6,9.82,clear sky
63,Saint-Philippe,RE,-21.3585,55.7679,73.22,83,37,11.9,light rain
64,Clonakilty,IE,51.6231,-8.8706,50.09,88,7,9.42,clear sky
65,Sao Joao Da Barra,BR,-21.6403,-41.0511,82.49,83,4,9.26,clear sky
66,Klaksvik,FO,62.2266,-6.589,40.12,67,99,6.2,overcast clouds
67,New Philadelphia,US,40.4898,-81.4457,53.6,61,100,11.01,overcast clouds
68,Carnarvon,AU,-24.8667,113.6333,71.67,56,75,17.27,light rain
69,New Norfolk,AU,-42.7826,147.0587,47.91,86,100,2.08,overcast clouds
70,Tateyama,JP,34.9833,139.8667,70.11,94,75,18.41,light intensity shower rain
71,Esperance,AU,-33.8667,121.9,60.51,66,1,6.87,clear sky
72,Toamasina,MG,-18.1667,49.3833,72.61,88,18,4.36,few clouds
73,Kortkeros,RU,61.8106,51.5806,46.4,93,100,6.89,light rain
74,Hambantota,LK,6.1241,81.1185,81.01,79,82,0.36,broken clouds
75,Mantua,IT,45.1667,10.7833,58.05,85,3,3.0,clear sky
76,Gat,IL,31.61,34.7642,77.4,58,85,5.73,overcast clouds
77,Orlik,RU,52.5178,99.825,19.65,74,76,3.71,broken clouds
78,Calderitas,MX,18.55,-88.25,84.31,70,75,9.22,broken clouds
79,Rio Gallegos,AR,-51.6226,-69.2181,41.05,65,75,17.27,broken clouds
80,Acarau,BR,-2.8856,-40.12,79.43,86,71,12.53,broken clouds
81,Half Moon Bay,US,37.4636,-122.4286,70.29,63,0,21.85,haze
82,Port Hedland,AU,-20.3167,118.5667,77.05,78,100,9.22,overcast clouds
83,Kruisfontein,ZA,-34.0033,24.7314,52.88,93,0,7.34,clear sky
84,Lima,PE,-12.0432,-77.0282,71.65,73,37,7.36,scattered clouds
85,Thatta,PK,24.7475,67.9235,81.93,69,0,12.53,clear sky
86,Dubti,ET,11.7361,41.0853,90.54,40,6,14.56,light rain
87,Puerto Ayora,EC,-0.7393,-90.3518,78.76,75,88,7.92,overcast clouds
88,Tezu,IN,27.9167,96.1667,68.76,63,80,5.32,broken clouds
89,Darnah,LY,32.767,22.6367,63.37,68,6,2.8,clear sky
90,Mongo,TD,12.1844,18.693,93.04,30,90,1.74,overcast clouds
91,Severo-Yeniseyskiy,RU,60.3725,93.0408,7.57,98,47,2.62,scattered clouds
92,Mutoko,ZW,-17.397,32.2268,64.47,76,69,4.7,broken clouds
93,Nemuro,JP,43.3236,145.575,41.83,100,100,9.95,light rain
94,Camacha,PT,33.0833,-16.3333,62.02,63,40,11.5,scattered clouds
95,Colac,AU,-38.3333,143.5833,63.84,77,100,6.8,light rain
96,Eufaula,US,31.8913,-85.1455,80.33,73,92,13.27,light rain
97,Inza,RU,53.8533,46.3586,53.78,93,22,6.78,few clouds
98,Castro,BR,-24.7911,-50.0119,73.15,75,50,3.78,heavy intensity rain
99,Bethanien,NA,-26.502,17.1583,66.9,29,2,1.86,clear sky
100,Morehead,US,37.2711,-87.1764,58.98,43,0,13.8,clear sky
101,The Valley,AI,18.217,-63.0578,81.1,61,20,11.5,few clouds
102,Faanui,PF,-16.4833,-151.75,82.72,72,30,20.27,scattered clouds
103,Kahului,US,20.8947,-156.47,82.42,64,40,14.97,scattered clouds
104,Vao,NC,-22.6667,167.4833,74.25,58,100,17.47,overcast clouds
105,Butaritari,KI,3.0707,172.7902,81.01,83,35,19.19,light rain
106,Flinders,AU,-34.5833,150.8552,61.18,93,100,5.99,overcast clouds
107,Antofagasta,CL,-23.65,-70.4,64.74,75,100,8.63,overcast clouds
108,Lagoa,PT,39.05,-27.9833,61.2,84,100,21.81,overcast clouds
109,Hofn,IS,64.2539,-15.2082,45.97,81,17,11.68,few clouds
110,Zarand,IR,30.8127,56.564,68.79,36,99,8.48,overcast clouds
111,Namatanai,PG,-3.6667,152.4333,80.17,81,12,7.65,few clouds
112,Kavieng,PG,-2.5744,150.7967,82.96,77,4,14.2,clear sky
113,Jamestown,US,42.097,-79.2353,46.02,57,100,6.91,overcast clouds
114,Thompson,CA,55.7435,-97.8558,36.43,55,5,6.76,clear sky
115,Athens,GR,37.9795,23.7162,68.16,53,0,2.3,clear sky
116,Caravelas,BR,-17.7125,-39.2481,78.58,73,0,5.55,clear sky
117,Norman Wells,CA,65.282,-126.8329,37.76,83,100,6.2,overcast clouds
118,Chuy,UY,-33.6971,-53.4616,71.04,82,57,9.64,broken clouds
119,Tual,ID,-5.6667,132.75,83.5,73,97,4.34,overcast clouds
120,Tuktoyaktuk,CA,69.4541,-133.0374,14.0,85,100,6.91,fog
121,Acapulco,MX,16.8634,-99.8901,85.82,66,0,13.8,clear sky
122,Nadvoitsy,RU,63.8667,34.3167,24.85,82,95,10.67,overcast clouds
123,Japura,ID,-0.3167,102.35,76.23,96,98,1.68,light rain
124,Georgetown,MY,5.4112,100.3354,80.53,89,20,5.75,few clouds
125,Touros,BR,-5.1989,-35.4608,81.18,75,7,14.32,clear sky
126,Shimanovsk,RU,52.0,127.7,30.18,67,10,9.93,clear sky
127,Hasaki,JP,35.7333,140.8333,72.28,87,100,32.84,heavy intensity rain
128,Itupiranga,BR,-5.1347,-49.3267,91.72,76,81,4.09,broken clouds
129,Roswell,US,34.0232,-84.3616,65.08,87,100,9.22,overcast clouds
130,Sao Jose Da Coroa Grande,BR,-8.8978,-35.1478,79.12,73,10,10.27,clear sky
131,Nishihara,JP,26.1842,127.7558,77.05,97,100,17.27,overcast clouds
132,Xai-Xai,MZ,-25.0519,33.6442,71.22,73,30,12.24,scattered clouds
133,Lingdong,CN,46.5669,131.1453,37.6,67,100,19.46,overcast clouds
134,Avera,US,33.194,-82.5271,80.65,69,86,9.84,overcast clouds
135,Mao,ES,39.8885,4.2658,59.56,77,0,6.91,clear sky
136,Xiaoweizhai,CN,26.1903,107.5125,65.07,97,1,2.59,clear sky
137,Codrington,AU,-38.2667,141.9667,59.9,77,100,9.37,overcast clouds
138,Naze,JP,28.3667,129.4833,73.8,85,100,15.05,overcast clouds
139,Puerto Escondido,MX,15.85,-97.0667,88.63,66,0,8.05,clear sky
140,Gorontalo,ID,0.5412,123.0595,74.95,95,100,1.77,overcast clouds
141,Sangar,RU,63.9242,127.4739,0.16,98,40,2.21,scattered clouds
142,Dingle,PH,10.9995,122.6711,77.41,89,100,7.27,overcast clouds
143,Sukhobuzimskoye,RU,56.5,93.2728,35.64,93,98,7.09,overcast clouds
144,Geraldton,AU,-28.7667,114.6,59.41,82,75,19.57,light intensity shower rain
145,Mnogovershinnyy,RU,53.9353,139.9242,23.23,96,100,16.8,snow
146,Tortoli,IT,39.9256,9.6572,57.51,76,0,3.15,clear sky
147,Yelizovo,RU,53.1873,158.3805,35.74,60,0,2.24,clear sky
148,Nanortalik,GL,60.1432,-45.2371,37.45,82,100,5.35,overcast clouds
149,Kirakira,SB,-10.4544,161.9205,80.58,81,67,4.5,broken clouds
150,Hobyo,SO,5.3505,48.5268,84.15,64,45,10.2,scattered clouds
151,Chokurdakh,RU,70.6333,147.9167,4.95,98,100,6.42,overcast clouds
152,Qandala,SO,11.472,49.8728,86.34,58,5,8.01,clear sky
153,Necochea,AR,-38.5473,-58.7368,68.85,81,100,15.14,light rain
154,Bambous Virieux,MU,-20.3428,57.7575,76.21,79,30,13.02,light rain
155,Khatanga,RU,71.9667,102.5,10.36,94,100,7.05,overcast clouds
156,Barcelos,PT,41.5388,-8.6151,59.14,94,1,3.4,clear sky
157,Ahwa,IN,20.75,73.6833,79.66,22,0,1.68,clear sky
158,Sioux Lookout,CA,50.1001,-91.917,28.74,71,100,8.16,overcast clouds
159,Kargasok,RU,59.0556,80.8572,37.36,99,100,6.8,overcast clouds
160,Dali,CN,25.7,100.1833,55.9,61,0,5.28,clear sky
161,Teguldet,RU,57.3064,88.1667,30.27,97,100,2.84,overcast clouds
162,Narsaq,GL,60.9167,-46.05,43.02,74,99,0.85,overcast clouds
163,Bafoulabe,ML,13.8065,-10.8321,96.96,15,1,6.13,clear sky
164,Kokopo,PG,-4.352,152.2633,77.18,84,11,3.29,few clouds
165,Yuancheng,CN,36.652,107.7896,59.41,48,100,4.38,overcast clouds
166,Aripuana,BR,-9.1667,-60.6333,86.34,62,73,2.26,broken clouds
167,Trairi,BR,-3.2778,-39.2689,77.85,90,77,8.08,broken clouds
168,Mahebourg,MU,-20.4081,57.7,76.24,80,23,13.15,light rain
169,Saldanha,ZA,-33.0117,17.9442,58.3,81,0,16.31,clear sky
170,Zambezi,ZM,-13.5432,23.1047,65.21,74,95,5.48,overcast clouds
171,Lorengau,PG,-2.0226,147.2712,81.14,83,34,7.9,scattered clouds
172,Lashio,MM,22.9333,97.75,66.47,43,0,1.5,clear sky
173,Ilulissat,GL,69.2167,-51.1,35.62,80,100,6.91,light rain
174,Poya,NC,-21.35,165.15,69.75,76,99,5.44,overcast clouds
175,Port Alfred,ZA,-33.5906,26.891,57.18,90,6,4.0,clear sky
176,Tiksi,RU,71.6872,128.8694,-5.24,100,59,3.53,broken clouds
177,Lukulu,ZM,-14.3707,23.242,67.24,55,98,6.38,overcast clouds
178,Cape Town,ZA,-33.9258,18.4232,60.91,73,0,11.99,clear sky
179,Alugan,PH,12.2188,125.4808,80.53,87,100,11.43,moderate rain
180,Ancud,CL,-41.8697,-73.8203,43.23,70,100,16.04,light rain
181,Constantine,DZ,36.365,6.6147,67.41,55,40,2.3,scattered clouds
182,Yerbogachen,RU,61.2767,108.0108,23.29,97,58,4.03,broken clouds
183,Cayenne,GF,4.9333,-52.3333,84.24,1,20,11.5,few clouds
184,Vardo,NO,70.3705,31.1107,17.58,93,100,31.07,fog
185,Dzaoudzi,YT,-12.7887,45.2699,80.49,89,20,4.61,few clouds
186,San Cristobal,VE,7.7669,-72.225,80.78,71,96,2.46,overcast clouds
187,Coquimbo,CL,-29.9533,-71.3436,67.73,59,20,9.22,few clouds
188,Kerman,IR,30.2832,57.0788,66.06,27,0,9.22,clear sky
189,Chapais,CA,49.7834,-74.8492,33.58,82,100,9.73,overcast clouds
190,Okhotsk,RU,59.3833,143.3,20.86,82,3,8.9,clear sky
191,Santa Quiteria Do Maranhao,BR,-3.5156,-42.5467,81.86,79,71,4.59,broken clouds
192,Korem,ET,12.5058,39.5228,59.88,66,89,1.25,light rain
193,Aklavik,CA,68.2191,-135.0107,30.06,94,76,5.61,broken clouds
194,Tasiilaq,GL,65.6145,-37.6368,33.96,89,87,3.36,overcast clouds
195,Uglegorsk,RU,49.0833,142.0333,31.87,89,100,7.67,snow
196,Saint George,US,37.1041,-113.5841,83.79,9,0,7.0,clear sky
197,Insar,RU,53.8653,44.3738,58.17,84,96,7.09,overcast clouds
198,Pandamatenga,BW,-18.5278,25.627,72.63,49,86,4.0,overcast clouds
199,Bilibino,RU,68.0546,166.4372,23.59,82,100,4.9,overcast clouds
200,Krasnoselkup,RU,65.7,82.4667,13.71,91,55,8.88,broken clouds
201,Iqaluit,CA,63.7506,-68.5145,5.7,55,57,2.1,broken clouds
202,Lasa,IT,46.6166,10.7002,43.36,94,79,5.41,broken clouds
203,Along,IN,28.1667,94.7667,65.01,84,57,1.63,broken clouds
204,Cherskiy,RU,68.75,161.3,28.44,87,100,3.69,overcast clouds
205,Airai,TL,-8.9266,125.4092,58.5,89,100,0.36,overcast clouds
206,Axim,GH,4.8699,-2.2405,80.8,85,77,8.46,broken clouds
207,Saint-Francois,FR,46.4154,3.9054,51.67,71,0,6.91,clear sky
208,Vokhtoga,RU,58.8147,41.0461,37.81,97,45,4.16,scattered clouds
209,Severo-Kurilsk,RU,50.6789,156.125,30.72,83,70,8.01,broken clouds
210,Milkovo,RU,54.7167,158.6167,30.09,73,10,3.27,clear sky
211,Victoria,HK,22.2855,114.1577,81.32,86,2,5.99,clear sky
212,Pevek,RU,69.7008,170.3133,25.59,71,100,8.7,overcast clouds
213,Suez,EG,29.9737,32.5263,68.88,51,88,16.13,overcast clouds
214,Ust-Kut,RU,56.7938,105.7672,33.76,96,100,9.28,snow
215,San Quintin,MX,30.4833,-115.95,68.77,59,100,12.97,overcast clouds
216,Bambanglipuro,ID,-7.95,110.2833,77.02,90,86,4.43,overcast clouds
217,San Patricio,US,28.017,-97.5169,75.87,59,100,10.4,overcast clouds
218,Kabare,CD,-2.4683,28.8242,62.56,97,100,2.13,light rain
219,Kamaishi,JP,39.2667,141.8833,59.52,93,100,15.37,light rain
220,Luangwa,ZM,-15.6167,30.4167,74.7,70,40,5.32,scattered clouds
221,Hovd,MN,48.0056,91.6419,37.63,48,64,2.21,broken clouds
222,Ukiah,US,39.1502,-123.2078,70.16,47,0,9.22,clear sky
223,Port Elizabeth,ZA,-33.918,25.5701,55.09,84,21,10.42,few clouds
224,Pereslavl-Zalesskiy,RU,56.7393,38.8563,43.02,91,40,5.1,scattered clouds
225,Isilkul,RU,54.9109,71.2728,49.28,60,11,2.51,few clouds
226,Eskisehir,TR,39.7767,30.5206,60.93,54,0,10.36,clear sky
227,Ust-Koksa,RU,50.2696,85.6108,33.4,83,41,1.88,scattered clouds
228,Laguna,US,38.421,-121.4238,76.32,38,0,8.05,clear sky
229,Palaikastron,GR,35.2,26.25,63.9,58,49,7.18,scattered clouds
230,Buala,SB,-8.145,159.5921,80.35,80,82,3.78,light rain
231,Banjar,ID,-8.19,114.9675,76.41,77,100,3.47,overcast clouds
232,Guerrero Negro,MX,27.9769,-114.0611,76.84,36,7,14.56,clear sky
233,Salalah,OM,17.0151,54.0924,82.49,69,20,4.61,few clouds
234,Bosaso,SO,11.2842,49.1816,84.56,62,6,1.97,clear sky
235,Kushima,JP,31.4583,131.2333,71.38,96,100,7.34,light rain
236,Toora-Khem,RU,52.4675,96.11,26.89,90,87,0.4,overcast clouds
237,Arkhangelsk,RU,64.5401,40.5433,30.31,86,100,8.95,light shower snow
238,Virginia Beach,US,36.8529,-75.978,89.65,42,75,17.27,broken clouds
239,Miyako,JP,39.6367,141.9525,61.5,90,100,9.1,light rain
240,Sindor,RU,62.8629,51.8905,38.34,94,100,6.42,overcast clouds
241,Tomatlan,MX,19.9333,-105.25,89.47,44,0,13.0,clear sky
242,Pisco,PE,-13.7,-76.2167,71.65,68,0,18.41,clear sky
243,Medicine Hat,CA,50.0501,-110.6683,70.72,22,100,8.01,overcast clouds
244,Mizdah,LY,31.4451,12.9801,64.67,44,9,17.47,clear sky
245,Akureyri,IS,65.6835,-18.0878,44.26,77,100,3.56,overcast clouds
246,Moerai,PF,-22.4333,-151.3333,79.93,82,91,18.45,overcast clouds
247,Ilo,PE,-17.6394,-71.3375,70.66,64,0,14.97,clear sky
248,Dwarka,IN,22.2394,68.9678,81.36,78,0,10.83,clear sky
249,Katsuura,JP,35.1333,140.3,69.82,91,100,31.47,light rain
250,Digby,CA,44.6169,-65.7655,49.59,74,100,15.75,overcast clouds
251,Windsor,CA,42.3001,-83.0165,46.98,73,100,12.66,overcast clouds
252,Karratha,AU,-20.7377,116.8463,79.72,57,100,12.1,light rain
253,Vestmannaeyjar,IS,63.4427,-20.2734,45.59,87,40,4.61,scattered clouds
254,Prince Rupert,CA,54.3161,-130.3201,47.88,62,76,6.13,light rain
255,Cabo San Lucas,MX,22.8909,-109.9124,88.61,32,0,11.5,clear sky
256,Brownsville,US,25.9018,-97.4975,75.15,86,100,13.8,overcast clouds
257,Zalantun,CN,48.0,122.7167,32.88,70,0,10.07,clear sky
258,Burnie,AU,-41.0667,145.9167,56.59,83,100,11.16,moderate rain
259,Puerto Parra,CO,6.6515,-74.0573,90.9,50,37,2.95,scattered clouds
260,Clyde River,CA,70.4692,-68.5914,23.23,93,100,11.5,snow
261,Olinda,BR,-8.0089,-34.8553,83.93,61,40,10.36,scattered clouds
262,Paita,PE,-5.0892,-81.1144,72.7,72,27,16.42,scattered clouds
263,Araouane,ML,18.9048,-3.5265,82.81,22,2,10.13,clear sky
264,Biak,ID,-0.9131,122.8766,77.27,85,100,2.17,overcast clouds
265,Hastings,GB,50.8552,0.5729,50.79,64,11,11.86,few clouds
266,San Antonio,US,29.4241,-98.4936,74.48,66,100,9.22,overcast clouds
267,Salamiyah,SY,35.0113,37.0532,68.99,41,5,4.88,clear sky
268,Yar-Sale,RU,66.8333,70.8333,29.53,95,100,19.46,overcast clouds
269,Viransehir,TR,37.2353,39.7631,60.49,75,100,8.72,overcast clouds
270,Izumo,JP,35.3667,132.7667,63.82,97,100,7.58,light rain
271,Makuyuni,TZ,-4.7333,38.1,71.8,95,100,4.99,overcast clouds
272,Haines Junction,CA,60.7522,-137.5108,43.65,74,100,3.94,overcast clouds
273,Berezovka,BY,53.7214,25.4993,41.86,81,25,5.08,scattered clouds
274,Padang,ID,-0.9492,100.3543,78.67,86,100,3.67,overcast clouds
275,Grande Prairie,CA,55.1667,-118.8027,49.03,45,100,4.52,overcast clouds
276,Snezhnogorsk,RU,69.1933,33.2531,19.18,72,71,23.96,broken clouds
277,Lebanon,US,36.2081,-86.2911,65.16,46,0,11.99,clear sky
278,Ocna Sibiului,RO,45.8833,24.05,59.22,58,20,2.3,few clouds
279,Tarata,BO,-17.6167,-66.0167,78.08,22,9,7.74,clear sky
280,Lesnoy,RU,57.6198,63.0784,51.42,76,93,11.16,overcast clouds
281,Ryde,GB,50.73,-1.1621,53.35,70,87,5.99,overcast clouds
282,South River,US,40.4465,-74.386,71.26,73,98,1.01,overcast clouds
283,West Helena,US,34.5507,-90.6418,64.08,47,0,13.18,clear sky
284,Iralaya,HN,15.0,-83.2333,80.67,83,97,10.65,overcast clouds
285,Mar Del Plata,AR,-38.0023,-57.5575,71.62,94,75,15.01,light rain
286,Waddan,LY,29.1614,16.139,80.22,17,72,23.0,broken clouds
287,Santa Isabel Do Rio Negro,BR,-0.4139,-65.0192,75.96,98,100,1.52,moderate rain
288,Sao Gabriel Da Cachoeira,BR,-0.1303,-67.0892,75.43,97,100,3.2,overcast clouds
289,Osijek,HR,45.5511,18.6939,55.31,88,0,6.91,clear sky
290,Ulladulla,AU,-35.35,150.4667,59.77,93,85,2.53,overcast clouds
291,Podyuga,RU,61.095,40.8647,37.78,92,80,6.58,broken clouds
292,Akdagmadeni,TR,39.6603,35.8836,59.09,50,80,2.13,broken clouds
293,Xining,CN,36.6167,101.7667,52.86,46,14,5.19,few clouds
294,Pacific Grove,US,36.6177,-121.9166,71.55,71,20,14.0,few clouds
295,Maceio,BR,-9.6658,-35.7353,80.04,83,75,3.44,broken clouds
296,Gushikawa,JP,26.3544,127.8686,77.0,91,100,16.11,overcast clouds
297,Ambunti,PG,-4.2365,142.8448,72.99,96,82,1.3,broken clouds
298,Awjilah,LY,29.1081,21.2869,83.16,13,82,15.08,broken clouds
299,Ocosingo,MX,17.0667,-92.25,80.58,46,13,5.88,few clouds
300,Debar,MK,41.525,20.5275,51.31,85,0,2.15,clear sky
301,Longyan,CN,25.1072,117.0225,70.2,95,16,1.66,few clouds
302,Kathu,TH,7.9178,98.3332,88.7,68,88,9.22,overcast clouds
303,Adrar,MR,20.5022,-10.0711,76.55,25,0,10.49,clear sky
304,Grand Gaube,MU,-20.0064,57.6608,76.37,76,9,3.0,clear sky
305,Seoul,KR,37.5683,126.9778,56.59,21,28,10.09,scattered clouds
306,Madisonville,US,37.3281,-87.4989,59.22,43,0,5.99,clear sky
307,Valleyview,CA,55.0667,-117.2859,49.57,50,100,9.98,overcast clouds
308,Hamamatsu,JP,34.7,137.7333,69.03,95,100,13.0,light rain
309,Svetlyy,RU,54.675,20.1347,41.97,74,21,4.29,few clouds
310,Charters Towers,AU,-20.1,146.2667,66.36,94,0,4.41,clear sky
311,Murgab,TM,37.4966,61.9714,75.22,35,94,15.84,overcast clouds
312,Port Macquarie,AU,-31.4333,152.9167,60.89,88,100,2.82,overcast clouds
313,Byron Bay,AU,-28.65,153.6167,61.95,84,100,4.61,overcast clouds
314,Madingou,CG,-4.1536,13.55,74.03,94,96,0.29,overcast clouds
315,Ternate,ID,0.8,127.4,80.85,81,98,5.23,overcast clouds
316,Takoradi,GH,4.8845,-1.7554,81.03,85,82,7.85,broken clouds
317,Klyuchi,RU,52.2667,79.1667,47.66,75,78,4.7,broken clouds
318,Elizabeth City,US,36.2946,-76.2511,89.06,46,20,16.11,few clouds
319,Bengkulu,ID,-3.8004,102.2655,77.47,89,53,5.44,broken clouds
320,Yulara,AU,-25.2406,130.9889,57.04,54,98,3.44,overcast clouds
321,Townsend,US,39.3951,-75.6916,68.79,74,97,10.29,overcast clouds
322,Russell,US,32.3502,-85.1999,77.13,65,20,9.22,few clouds
323,Nizhniy Kuranakh,RU,58.8353,125.4869,19.27,97,61,2.73,broken clouds
324,Xuddur,SO,4.1213,43.8894,75.34,76,100,1.36,overcast clouds
325,Gijon,ES,43.5357,-5.6615,58.84,95,100,1.99,overcast clouds
326,Ahipara,NZ,-35.1667,173.1667,62.53,71,96,6.98,overcast clouds
327,Ranong,TH,9.9658,98.6348,79.5,83,22,0.98,few clouds
328,Brae,GB,60.3964,-1.353,42.08,62,93,9.89,overcast clouds
329,Beni Suef,EG,29.0731,31.0979,76.66,28,10,17.83,clear sky
330,Hatta,IN,24.1167,79.6,89.28,11,0,2.44,clear sky
331,Pryozerne,UA,45.2698,36.3303,57.83,62,100,8.61,overcast clouds
332,Phan Thiet,VN,10.9333,108.1,77.7,88,100,3.62,overcast clouds
333,Bowen,AU,-20.0167,148.2333,73.6,86,24,9.89,few clouds
334,Dorado,PR,18.4588,-66.2677,81.86,72,40,10.36,scattered clouds
335,Banamba,ML,13.55,-7.45,90.37,12,0,8.95,clear sky
336,Bathsheba,BB,13.2167,-59.5167,81.21,83,40,8.05,scattered clouds
337,Martinsville,US,36.6915,-79.8725,66.61,77,100,4.61,overcast clouds
338,Grammenitsa,GR,39.1831,20.9806,64.8,74,0,2.75,clear sky
339,Hami,CN,42.8,93.45,56.21,51,100,6.67,overcast clouds
340,Lufilufi,WS,-13.8745,-171.5986,81.75,74,85,8.61,moderate rain
341,Moree,AU,-29.4667,149.85,60.82,77,75,9.22,light rain
342,Van,TR,38.4924,43.3831,51.15,87,75,4.61,broken clouds
343,Koeru,EE,58.9631,26.0308,35.2,78,60,3.2,broken clouds
344,Maneadero,MX,31.7167,-116.5667,66.09,79,100,4.0,overcast clouds
345,Bonavista,CA,48.6499,-53.1147,36.03,88,40,7.27,scattered clouds
346,Port-Cartier,CA,50.0334,-66.8654,36.75,100,100,1.07,overcast clouds
347,Waingapu,ID,-9.6567,120.2641,74.95,71,99,4.36,overcast clouds
348,Songjianghe,CN,42.1859,127.479,28.56,72,1,2.98,clear sky
349,Zhezkazgan,KZ,47.8043,67.7144,55.4,35,100,4.47,overcast clouds
350,Torit,SS,4.4133,32.5678,75.27,76,94,1.7,light rain
351,Otukpo,NG,7.1913,8.1329,80.56,69,84,4.9,light rain
352,Tilichiki,RU,60.4667,166.1,29.53,96,100,6.85,overcast clouds
353,Lavrentiya,RU,65.5833,-171.0,22.5,86,87,4.23,overcast clouds
354,Port Augusta,AU,-32.5,137.7667,58.53,94,5,1.19,clear sky
355,Maralal,KE,1.0968,36.698,60.17,91,100,5.5,light rain
356,Iaciara,BR,-14.0958,-46.6317,87.21,29,0,5.99,clear sky
357,Yenagoa,NG,4.9247,6.2642,79.3,88,64,5.93,broken clouds
358,Blind River,CA,46.1834,-82.9582,38.32,51,94,17.31,overcast clouds
359,Te Anau,NZ,-45.4167,167.7167,44.71,90,42,0.43,scattered clouds
360,Kargil,IN,34.5667,76.1,37.18,58,0,4.0,clear sky
361,Hauterive,FR,46.0901,3.4459,54.36,75,40,4.74,scattered clouds
362,Mineros,BO,-17.1167,-63.2333,87.03,55,100,8.84,overcast clouds
363,Saint Anthony,US,45.0205,-93.218,43.11,49,40,11.5,scattered clouds
364,Bilma,NE,18.6853,12.9164,90.25,9,0,2.64,clear sky
365,Puerto Del Rosario,ES,28.5004,-13.8627,65.95,72,40,14.97,scattered clouds
366,Sorong,ID,-0.8833,131.25,78.37,86,100,4.41,overcast clouds
367,Bay Roberts,CA,47.5999,-53.2648,43.52,84,87,7.0,overcast clouds
368,Nikolsk,RU,53.7189,46.0712,53.38,93,11,7.74,light rain
369,Tabas,IR,33.5959,56.9244,78.39,34,100,8.93,overcast clouds
370,Nouakchott,MR,18.0858,-15.9785,69.73,77,0,20.51,clear sky
371,Jijiga,ET,9.35,42.8,67.32,71,79,4.43,broken clouds
372,Aplahoue,BJ,6.9333,1.6833,79.52,81,65,8.66,broken clouds
373,Mount Isa,AU,-20.7333,139.5,67.77,100,0,3.44,clear sky
374,Singleton,AU,-32.5667,151.1833,57.97,92,100,2.19,overcast clouds
375,Zaida,PK,34.0603,72.4678,76.93,27,1,5.77,clear sky
376,Sao Filipe,CV,14.8961,-24.4956,75.83,67,13,13.27,few clouds
377,Montalvo,EC,-1.8,-79.3333,83.44,77,96,3.31,light rain
378,Khandyga,RU,62.6667,135.6,11.25,99,96,0.6,overcast clouds
379,Abonnema,NG,4.7084,6.7931,80.94,84,100,7.29,overcast clouds
380,Bairiki,KI,1.3292,172.9752,82.4,83,20,8.05,light rain
381,Tongling,CN,30.95,117.7833,64.31,90,99,8.52,overcast clouds
382,Lukovetskiy,RU,64.2956,41.9211,29.62,93,100,10.29,light snow
383,Tumalaytay,PH,12.2758,123.232,80.29,86,100,10.4,overcast clouds
384,Abong Mbang,CM,3.9833,13.1833,68.13,98,75,3.36,moderate rain
385,Tautira,PF,-17.7333,-149.15,81.46,76,37,22.03,light rain
386,Naryan-Mar,RU,67.6713,53.087,32.23,99,100,7.49,light snow
387,Imeni Poliny Osipenko,RU,52.4201,136.4853,26.98,93,100,16.26,light snow
388,Stornoway,GB,58.2093,-6.3865,48.16,79,100,10.36,overcast clouds
389,Port Hardy,CA,50.6996,-127.4199,46.58,76,75,5.75,broken clouds
390,Nisporeni,MD,47.0814,28.1783,58.59,74,30,7.07,scattered clouds
391,Thinadhoo,MV,0.5333,72.9333,84.47,73,50,7.4,scattered clouds
392,Kavaratti,IN,10.5669,72.642,85.03,74,32,7.27,scattered clouds
393,Mount Pleasant,US,32.7941,-79.8626,89.19,72,20,14.97,few clouds
394,Luanda,AO,-8.8368,13.2343,76.19,88,100,4.36,moderate rain
395,Soe,ID,-9.8607,124.284,62.33,68,100,3.04,overcast clouds
396,Ciudad Bolivar,VE,8.1222,-63.5497,84.74,64,100,4.65,overcast clouds
397,Aksu,CN,41.1231,80.2644,62.89,14,70,6.31,broken clouds
398,Dunedin,NZ,-45.8742,170.5036,54.81,76,89,4.0,overcast clouds
399,North Bend,US,43.4065,-124.2243,56.91,85,100,9.22,overcast clouds
400,Temoac,MX,18.7667,-98.7833,76.39,42,78,7.47,broken clouds
401,Rajapolah,ID,-7.221,108.1896,71.85,96,100,2.77,light rain
402,Tuatapere,NZ,-46.1333,167.6833,51.69,90,100,6.78,overcast clouds
403,Voloshka,RU,61.3314,40.0858,38.86,91,99,8.12,overcast clouds
404,Puquio,PE,-14.7,-74.1333,57.54,72,97,10.42,light rain
405,Norsup,VU,-16.0667,167.3833,79.25,76,94,13.98,overcast clouds
406,Vilcun,CL,-38.65,-72.2333,48.94,89,100,7.38,overcast clouds
407,Sola,VU,-13.8833,167.55,81.36,74,98,19.04,overcast clouds
408,Kieta,PG,-6.2167,155.6333,79.07,82,57,0.27,broken clouds
409,Doha,QA,25.2867,51.5333,78.78,67,0,2.3,clear sky
410,Souillac,MU,-20.5167,57.5167,75.58,88,75,10.36,light rain
411,Churapcha,RU,62.0025,132.4325,11.32,97,54,3.04,broken clouds
412,Sovetskiy,RU,61.3614,63.5842,46.85,97,100,8.72,light rain
413,Mogadishu,SO,2.0371,45.3438,82.74,74,71,8.7,broken clouds
414,Algiers,DZ,36.7525,3.042,58.82,94,75,1.14,broken clouds
415,Palmer,US,42.1584,-72.3287,53.85,86,100,0.0,mist
416,Vila Franca Do Campo,PT,37.7167,-25.4333,63.01,82,34,8.14,scattered clouds
417,Ribeira Brava,PT,32.65,-17.0667,64.71,76,35,3.2,scattered clouds
418,Kovylkino,RU,54.0388,43.9139,55.31,87,53,5.84,broken clouds
419,Nador,MA,35.174,-2.9287,61.05,82,0,4.61,clear sky
420,Newport,GB,51.5877,-2.9984,54.68,63,100,9.69,overcast clouds
421,Kozienice,PL,51.5829,21.5478,48.22,35,23,2.51,few clouds
422,Mayo,US,38.8876,-76.5119,65.98,76,100,14.97,mist
423,La Crosse,US,43.8014,-91.2396,42.42,48,100,13.8,overcast clouds
424,Inuvik,CA,68.3499,-133.7218,21.96,93,75,6.91,broken clouds
425,Puerto Maldonado,PE,-12.6,-69.1833,77.4,88,75,9.22,moderate rain
426,Westport,US,41.1415,-73.3579,59.38,94,100,9.22,mist
427,Meulaboh,ID,4.1363,96.1285,76.64,82,100,3.87,overcast clouds
428,Vostok,RU,46.4856,135.8833,35.51,84,100,10.87,overcast clouds
429,Comodoro Rivadavia,AR,-45.8667,-67.5,55.26,35,40,19.57,scattered clouds
430,Hay River,CA,60.8156,-115.7999,53.58,37,75,8.05,broken clouds
431,Iroquois Falls,CA,48.7669,-80.6831,29.57,68,100,8.72,overcast clouds
432,Castle Rock,US,39.3722,-104.8561,72.82,12,100,14.0,overcast clouds
433,Tura,IN,25.5198,90.2201,73.63,82,0,5.19,clear sky
434,Smoky Lake,CA,54.1169,-112.4686,51.96,46,100,11.5,overcast clouds
435,Mitsamiouli,KM,-11.3847,43.2844,80.96,79,14,4.47,light rain
436,Southfield,US,42.4734,-83.2219,46.76,66,100,12.66,overcast clouds
437,Turbat,PK,26.0023,63.044,85.42,41,1,3.44,clear sky
438,Suntar,RU,62.1444,117.6319,22.17,99,72,1.88,broken clouds
439,Raudeberg,NO,61.9875,5.1352,41.67,70,100,23.87,overcast clouds
440,Champa,IN,22.05,82.65,83.88,14,54,4.32,broken clouds
441,Ankang,CN,32.68,109.0172,65.48,80,100,2.73,overcast clouds
442,Livadia,GR,38.435,22.8739,63.93,47,0,2.01,clear sky
443,Obo,CF,5.3998,26.4869,70.86,91,100,3.74,overcast clouds
444,Rocha,UY,-34.4833,-54.3333,74.17,77,58,12.15,broken clouds
445,Harnosand,SE,62.6323,17.9379,35.62,59,19,8.39,few clouds
446,Portland,US,45.5234,-122.6762,56.23,77,75,5.99,moderate rain
447,Berdigestyakh,RU,62.0989,126.6992,7.34,99,75,2.91,broken clouds
448,Carballo,ES,43.213,-8.691,57.87,89,20,2.26,few clouds
449,Torbay,CA,47.6666,-52.7314,39.88,92,100,14.0,mist
450,Chernaya Kholunitsa,RU,58.8511,51.7154,48.4,97,100,3.98,overcast clouds
451,Husavik,IS,66.0449,-17.3389,39.63,95,100,1.19,overcast clouds
452,Shimoda,JP,34.6667,138.95,69.1,95,100,23.22,overcast clouds
453,Muros,ES,42.7762,-9.0603,57.83,88,87,6.82,overcast clouds
454,Ingham,US,42.6,-84.3833,44.64,61,100,13.8,overcast clouds
455,Menongue,AO,-14.6585,17.691,64.24,60,66,2.8,broken clouds
456,Sungairaya,ID,0.7,108.9,80.22,82,100,2.06,overcast clouds
457,Vanimo,PG,-2.6741,141.3028,77.88,90,100,5.86,overcast clouds
458,Olafsvik,IS,64.8945,-23.7142,42.93,76,100,5.19,overcast clouds
459,Ballina,AU,-28.8667,153.5667,62.56,96,75,5.75,broken clouds
460,Paamiut,GL,61.994,-49.6678,34.3,97,100,22.82,snow
461,Abbotsford,CA,49.058,-122.2526,54.19,65,100,1.01,overcast clouds
462,La Libertad,EC,-2.2333,-80.9,78.46,73,20,10.36,few clouds
463,Tocopilla,CL,-22.092,-70.1979,67.93,71,91,7.96,overcast clouds
464,Bardiyah,LY,31.7561,25.0865,65.34,62,1,7.29,clear sky
465,Hokitika,NZ,-42.7167,170.9667,50.77,74,0,5.06,clear sky
466,San Pedro,PH,14.35,121.0167,82.26,79,20,3.44,few clouds
467,Aranos,NA,-24.1333,19.1167,67.28,32,5,11.68,clear sky
468,Lannion,FR,48.75,-3.4167,52.68,71,0,9.22,clear sky
469,Pontianak,ID,-0.0333,109.3333,75.18,100,100,3.44,overcast clouds
470,Penzance,GB,50.1186,-5.5371,48.88,73,16,17.49,few clouds
471,General Cepeda,MX,25.3833,-101.45,73.08,57,67,12.17,broken clouds
472,Sitka,US,57.0531,-135.33,46.29,81,100,0.0,light rain
473,Sao Pedro Do Sul,BR,-29.6206,-54.1789,78.78,83,67,7.94,broken clouds
474,Jaisalmer,IN,26.9147,70.9181,89.13,28,0,13.58,clear sky
475,Oranjemund,NA,-28.55,16.4333,57.31,76,0,8.63,clear sky
476,Visby,SE,57.6409,18.296,37.62,65,100,5.75,overcast clouds
477,Broken Hill,AU,-31.95,141.4333,58.71,88,100,4.61,overcast clouds
478,Verkhnyaya Inta,RU,65.9811,60.3094,38.43,90,99,16.91,overcast clouds
479,Lishu,CN,43.3047,124.3278,39.43,47,51,7.05,broken clouds
480,Carahue,CL,-38.7,-73.1667,50.59,84,22,7.07,few clouds
481,Port Huron,US,42.9709,-82.4249,46.06,61,100,11.5,overcast clouds
482,Roald,NO,62.5833,6.1333,42.75,75,20,16.11,few clouds
483,Riviere-Au-Renard,CA,48.9957,-64.3971,48.49,95,100,7.63,overcast clouds
484,Mega,ET,4.05,38.3,60.58,87,100,5.53,light rain
485,Maldonado,UY,-34.6667,-54.9167,77.23,77,52,12.48,broken clouds
486,Flin Flon,CA,54.7682,-101.865,35.98,57,0,11.81,clear sky
487,Mersing,MY,2.4312,103.8405,75.11,94,20,5.75,few clouds
488,Kendari,ID,-3.945,122.4989,74.88,95,71,4.23,broken clouds
489,Pontarlier,FR,46.8333,6.25,38.89,94,4,3.24,clear sky
490,Ponta Delgada,PT,37.7333,-25.6667,63.32,77,20,9.22,few clouds
491,Montlucon,FR,46.3333,2.6,49.69,80,29,6.08,scattered clouds
492,Port Lincoln,AU,-34.7333,135.8667,61.18,88,26,4.32,scattered clouds
493,Viedma,AR,-40.8135,-62.9967,68.27,29,100,13.04,overcast clouds
494,Ambilobe,MG,-13.2,49.05,72.93,86,84,3.71,broken clouds
495,Lahaina,US,20.8783,-156.6825,82.4,81,48,9.53,scattered clouds
496,Senanga,ZM,-16.1167,23.2667,69.82,51,60,5.26,broken clouds
497,Solnechnyy,RU,50.7214,136.6319,26.83,96,100,7.87,light snow
498,Porto Novo,BJ,6.4965,2.6036,82.22,84,44,6.24,scattered clouds
499,Drayton Valley,CA,53.2168,-114.9854,49.62,57,100,6.62,overcast clouds
500,Xunchang,CN,28.4543,104.715,68.95,82,55,2.42,broken clouds
501,Akdepe,TM,42.0551,59.3788,62.69,43,95,11.95,overcast clouds
502,Bonthe,SL,7.5264,-12.505,81.0,80,86,11.07,overcast clouds
503,Fairbanks,US,64.8378,-147.7164,48.54,57,100,4.61,overcast clouds
504,Falun,SE,60.6036,15.626,39.61,53,88,4.97,overcast clouds
505,Richmond,US,37.5538,-77.4603,76.66,81,100,21.85,heavy intensity rain
506,Fredericksburg,US,38.3032,-77.4605,65.01,77,100,8.05,overcast clouds
507,Upata,VE,8.0086,-62.3989,84.56,62,95,5.66,overcast clouds
508,Zhigansk,RU,66.7697,123.3711,4.46,94,32,9.44,scattered clouds
509,Sal Rei,CV,16.1833,-22.9167,71.15,77,98,19.53,overcast clouds
510,Challans,FR,46.8436,-1.8749,59.2,81,76,10.25,broken clouds
511,Moose Factory,CA,51.2585,-80.6094,23.0,74,100,16.11,overcast clouds
512,Zhangye,CN,38.9342,100.4517,47.75,22,100,15.7,overcast clouds
513,Huarmey,PE,-10.0681,-78.1522,72.61,77,43,12.55,scattered clouds
514,Srednekolymsk,RU,67.45,153.6833,16.99,95,100,12.64,light snow
515,Champerico,GT,14.3,-91.9167,93.74,60,24,12.88,few clouds
516,Marawi,PH,7.9986,124.2928,69.66,92,100,1.79,overcast clouds
517,Burns Lake,CA,54.2331,-125.7533,47.62,34,13,6.02,few clouds
518,Margate,GB,51.3813,1.3862,49.3,72,75,3.0,broken clouds
519,Havre-Saint-Pierre,CA,50.2334,-63.5986,39.56,93,100,5.75,overcast clouds
520,Arroyo,ES,41.6096,-4.7969,56.07,79,0,3.44,clear sky
521,Huangmei,CN,30.1924,116.025,68.86,86,100,7.58,overcast clouds
522,Nexo,DK,55.0607,15.1306,39.29,77,94,0.56,overcast clouds
523,Vagur,FO,61.4732,-6.8119,42.13,63,92,5.61,overcast clouds
524,Bandarbeyla,SO,9.4942,50.8122,81.81,76,5,7.45,clear sky
525,Qaqortoq,GL,60.7167,-46.0333,39.27,75,99,1.9,overcast clouds
526,New Milford,US,40.9327,-74.0179,65.98,81,100,6.91,mist
527,Isangel,VU,-19.55,169.2667,76.37,56,100,14.23,overcast clouds
528,Chulman,RU,56.8479,124.9104,11.57,99,96,2.15,overcast clouds
529,Mahon,ES,39.8885,4.2658,57.76,82,0,6.91,clear sky
530,Barabai,ID,-2.5833,115.3833,73.08,98,100,0.56,moderate rain
531,Makokou,GA,0.5738,12.8642,71.28,97,100,2.48,moderate rain
532,Kaitong,CN,44.8135,123.15,41.18,34,3,12.08,clear sky
533,Beringovskiy,RU,63.05,179.3167,32.11,99,100,9.6,overcast clouds
534,Samarai,PG,-10.6167,150.6667,81.07,77,100,4.99,overcast clouds
535,Tiznit,MA,29.5833,-9.5,56.21,74,0,8.12,clear sky
536,Broome,US,42.2506,-75.833,55.71,82,100,8.05,overcast clouds
537,Opuwo,NA,-18.0607,13.84,70.9,37,8,2.68,clear sky
538,Thabazimbi,ZA,-24.5917,27.4116,63.99,52,0,2.44,clear sky
539,Domoni,KM,-12.2569,44.5319,79.34,82,23,1.36,few clouds
540,Bom Jesus,BR,-9.0744,-44.3586,91.22,30,45,7.49,scattered clouds
541,Mahanoro,MG,-19.9,48.8,72.95,89,20,6.53,few clouds
542,Yuzhno-Kurilsk,RU,44.0306,145.8556,40.8,99,100,6.69,moderate rain
543,Salina,US,38.8403,-97.6114,73.02,23,0,17.27,clear sky
544,Cumbitara,CO,1.6517,-77.5823,65.52,87,100,5.03,moderate rain
545,Alice Springs,AU,-23.7,133.8833,51.35,76,85,0.0,overcast clouds
546,Singkang,MY,2.1006,102.7994,77.05,91,100,2.68,overcast clouds
547,San Diego,US,32.7153,-117.1573,87.08,56,40,11.5,scattered clouds
548,Turukhansk,RU,65.8167,87.9833,10.83,95,22,4.07,few clouds
549,Jiuquan,CN,39.7432,98.5174,47.97,39,100,9.57,overcast clouds
550,Singaparna,ID,-7.3515,108.111,72.43,96,100,2.86,overcast clouds
551,Daru,PG,-9.0763,143.2092,79.86,82,100,5.03,overcast clouds
552,Surat,IN,21.1667,72.8333,83.97,63,0,5.77,clear sky
553,Pangkalanbuun,ID,-2.6833,111.6167,75.42,97,100,0.96,overcast clouds
554,Magadan,RU,59.5667,150.8,25.54,68,14,5.06,few clouds
555,Walvis Bay,NA,-22.9575,14.5053,63.55,77,0,3.44,clear sky
556,Garowe,SO,8.4054,48.4845,78.85,62,29,14.29,scattered clouds
557,Dhidhdhoo,MV,6.8833,73.1,84.56,71,100,0.13,overcast clouds
558,Cartagena Del Chaira,CO,1.3349,-74.8429,85.46,69,91,1.81,overcast clouds
559,Kupang,ID,-10.1667,123.5833,75.43,83,100,4.9,overcast clouds
560,Namibe,AO,-15.1961,12.1522,71.64,74,1,4.81,clear sky
561,Kutum,SD,14.2,24.6667,80.4,20,94,1.54,overcast clouds
562,Vidim,RU,56.4088,103.1106,32.85,84,100,9.33,overcast clouds
563,Rabo De Peixe,PT,37.8,-25.5833,62.11,77,20,9.22,few clouds
564,Kalabo,ZM,-14.97,22.6814,67.98,58,74,4.12,broken clouds
565,Lata,PT,40.1629,-8.3327,57.92,94,2,1.28,clear sky
566,Ambon,ID,-3.6954,128.1814,81.21,79,56,4.65,broken clouds
567,Canutama,BR,-6.5339,-64.3831,82.35,86,100,1.97,overcast clouds
568,Erzin,TR,36.9559,36.2,63.93,53,0,1.54,clear sky
569,Ust-Kuyga,RU,70.0167,135.6,-6.79,100,96,2.39,overcast clouds
570,Kajaani,FI,64.2273,27.7285,30.25,59,0,5.75,clear sky
571,Orange,US,33.7,-117.7675,89.67,42,75,12.66,broken clouds
572,Mukhen,RU,48.1,136.1,35.29,100,100,5.14,light snow
573,Inongo,CD,-1.95,18.2667,73.42,90,100,3.49,overcast clouds
574,Sur,OM,22.5667,59.5289,87.26,50,4,9.13,clear sky
575,Kouroussa,GN,10.65,-9.8833,89.78,16,5,2.28,clear sky
576,West University Place,US,29.718,-95.4338,80.26,63,0,11.5,clear sky
577,Bielefeld,DE,52.0333,8.5333,50.22,91,62,6.73,broken clouds
578,Gopalpur,IN,19.2667,84.9167,80.64,86,5,16.78,clear sky
579,Huilong,CN,31.8111,121.655,60.93,92,100,8.19,overcast clouds
580,Maningrida,AU,-12.0667,134.2667,76.39,88,50,2.21,scattered clouds
581,Warrington,GB,53.3925,-2.5802,53.96,64,40,9.22,scattered clouds
582,Shushtar,IR,32.0455,48.8567,80.53,40,2,4.14,light rain
583,Ordu,TR,40.9086,37.6845,41.5,82,7,1.95,clear sky
584,Sechura,PE,-5.5569,-80.8222,79.97,56,75,14.38,broken clouds
585,Revelstoke,CA,50.9832,-118.2023,48.22,81,100,3.44,overcast clouds
586,Niquero,CU,20.0431,-77.5828,82.83,63,19,5.86,few clouds
587,Sibolga,ID,1.7427,98.7792,77.85,82,100,3.51,overcast clouds
588,Puerto Madryn,AR,-42.7692,-65.0385,64.35,25,100,20.22,overcast clouds
589,Nantucket,US,41.2835,-70.0995,53.71,81,100,11.5,overcast clouds
590,Yatou,CN,37.15,122.3833,50.34,55,53,11.27,broken clouds
591,Ashqelon,IL,31.6693,34.5715,67.89,72,91,7.61,overcast clouds
592,Adilcevaz,TR,38.8039,42.7342,51.55,78,100,3.67,overcast clouds
593,Orneta,PL,54.1148,20.1333,40.84,79,52,4.18,broken clouds
594,College,US,64.8569,-147.8028,48.52,57,75,4.61,broken clouds
595,Porbandar,IN,21.6422,69.6093,81.14,79,0,9.15,clear sky
596,Bayevo,RU,53.2833,80.7667,44.42,80,37,4.5,scattered clouds
597,Tete,MZ,-16.1564,33.5867,74.16,81,86,7.18,overcast clouds
598,Mauriti,BR,-7.3892,-38.7744,85.03,43,84,5.95,broken clouds
599,Sabang,ID,5.8933,95.3214,84.16,73,100,7.2,overcast clouds
600,Neijiang,CN,29.5835,105.0622,73.67,66,100,2.44,overcast clouds
601,Sabha,LY,27.0377,14.4283,85.69,8,100,11.3,overcast clouds
602,Shalakusha,RU,62.2247,40.2539,37.99,96,100,7.34,overcast clouds
603,Konstantinovka,RU,49.6167,127.9833,33.06,71,0,16.17,clear sky
604,Bose,IT,45.4612,8.0137,56.84,92,7,2.37,clear sky
605,Xifeng,CN,42.7372,124.7222,38.03,53,52,4.94,broken clouds
606,Pundaguitan,PH,6.3711,126.1689,81.66,76,99,4.25,overcast clouds
607,Lumut,MY,4.2323,100.6298,78.82,89,40,0.0,scattered clouds
608,Kushiro,JP,42.975,144.3747,44.85,99,100,4.41,moderate rain
609,Kuantan,MY,3.8077,103.326,78.91,94,20,0.0,few clouds
610,Saqqez,IR,36.2499,46.2735,48.25,88,100,1.45,overcast clouds
611,Okha,RU,53.5739,142.9478,28.04,96,100,17.31,snow
612,Megion,RU,61.0296,76.1136,26.62,98,100,4.14,overcast clouds
613,Grand Forks,US,47.9417,-97.4337,33.53,69,75,8.05,broken clouds
614,Fort Myers Beach,US,26.452,-81.9481,90.05,59,75,17.27,broken clouds
615,Lock Haven,US,41.137,-77.4469,59.97,88,100,7.16,overcast clouds
616,Puerto Baquerizo Moreno,EC,-0.9,-89.6,79.79,65,40,9.22,scattered clouds
617,Jalu,LY,29.0331,21.5482,83.14,13,89,15.37,overcast clouds
618,Itoman,JP,26.1247,127.6694,77.77,96,75,16.11,broken clouds
619,Rafraf,TN,37.1904,10.1837,64.71,65,0,10.78,clear sky
620,Pitimbu,BR,-7.4706,-34.8086,81.19,70,14,13.82,few clouds
621,Garissa,KE,-0.4536,39.6401,80.13,73,100,15.95,light rain
622,Sarankhola,BD,22.3082,89.7897,78.93,94,0,6.08,clear sky
623,Healdsburg,US,38.6105,-122.8692,76.1,41,0,5.75,clear sky
624,Lhokseumawe,ID,5.1801,97.1507,77.97,89,98,4.41,overcast clouds
625,Bereda,ES,43.2686,-7.5406,52.57,100,100,1.79,overcast clouds
626,Douglas,US,41.3,-96.167,70.86,24,0,11.5,clear sky
627,Morgan City,US,29.6994,-91.2068,82.99,61,0,9.22,clear sky
628,Tromso,NO,69.6496,18.957,23.02,86,75,5.75,broken clouds
629,Grand Baie,MU,-20.0182,57.5802,76.44,76,9,3.0,clear sky
630,Cap Malheureux,MU,-19.9842,57.6142,76.46,76,8,3.0,clear sky
631,Espanola,US,35.9911,-106.0806,72.52,20,86,7.0,overcast clouds
632,Kiyasovo,RU,56.3491,53.1244,55.29,83,100,13.31,moderate rain
633,Dapaong,TG,10.8639,0.205,95.74,24,43,3.4,scattered clouds
634,Oranjestad,AW,12.524,-70.027,80.02,80,80,19.13,broken clouds
635,Ampanihy,MG,-24.7,44.75,71.91,84,100,16.02,light rain
636,Lovozero,RU,68.005,35.0117,17.2,69,100,15.12,overcast clouds
637,Atasu,KZ,48.6814,71.6433,49.95,44,92,6.11,overcast clouds
638,Raga,SS,8.4596,25.678,84.38,27,50,2.13,scattered clouds
639,Praia Da Vitoria,PT,38.7333,-27.0667,64.65,77,40,16.64,scattered clouds
640,Bac Lieu,VN,9.285,105.7244,81.86,75,100,5.03,overcast clouds
641,Umba,RU,66.6871,34.3429,20.17,78,19,5.75,few clouds
642,Pinotepa Nacional,MX,16.3167,-98.0167,93.02,37,57,12.95,broken clouds
643,Boguchany,RU,58.3814,97.4531,27.27,94,100,4.41,overcast clouds
644,Aktau,KZ,43.65,51.2,64.98,31,92,17.07,overcast clouds
645,Alenquer,BR,-1.9417,-54.7383,79.93,89,100,4.65,overcast clouds
646,Eyl,SO,7.9803,49.8164,81.86,74,43,10.16,scattered clouds
647,Vestmanna,FO,62.1564,-7.1664,38.32,75,20,4.61,few clouds
648,Beloha,MG,-25.1667,45.05,71.94,84,100,11.32,overcast clouds
649,San Policarpo,PH,12.1791,125.5072,81.16,86,100,12.46,moderate rain
650,Montelibano,CO,7.9829,-75.4229,87.39,66,100,5.97,overcast clouds
651,Sisimiut,GL,66.9395,-53.6735,34.21,91,100,15.66,snow
652,Stokmarknes,NO,68.5646,14.9108,28.36,93,75,9.22,light snow
653,Belmonte,BR,-15.8631,-38.8828,78.55,77,32,8.93,scattered clouds
654,Banda Aceh,ID,5.5577,95.3222,80.35,84,100,6.08,overcast clouds
655,Florianopolis,BR,-27.6146,-48.5012,75.56,83,75,13.8,broken clouds
656,La Ronge,CA,55.1001,-105.2842,43.05,24,0,19.57,clear sky
657,Paine,CL,-33.8167,-70.75,65.71,68,100,8.48,moderate rain
658,Springfield,US,37.2153,-93.2982,64.53,33,0,3.0,clear sky
659,Abu Kamal,SY,34.4506,40.9171,74.79,46,0,13.8,clear sky
660,Lingao,CN,19.9103,109.6859,77.65,87,6,4.92,clear sky
661,Soyo,AO,-6.1349,12.3689,78.39,89,100,7.23,light rain
662,San Rafael Del Sur,NI,11.8485,-86.4384,90.57,59,99,6.15,overcast clouds
663,Cherepovets,RU,59.1333,37.9,37.22,100,20,2.24,few clouds
664,Lahstedt,DE,52.2483,10.2325,51.91,84,97,5.41,overcast clouds
665,Stromness,GB,58.965,-3.296,44.56,79,89,4.0,overcast clouds
666,Campo Verde,BR,-20.4167,-54.0667,86.68,48,55,6.96,broken clouds
667,Ginda,IN,30.6945,78.4932,58.93,30,0,8.1,clear sky
668,Leningradskiy,RU,69.3833,178.4167,10.45,90,63,10.4,broken clouds
669,Nioro,GM,13.35,-15.75,94.87,16,20,7.54,few clouds
670,Kharan,PK,28.5833,65.4167,86.18,10,5,4.52,clear sky
671,Hudson,US,40.7168,-74.0663,67.17,75,100,11.5,mist
672,Liberal,US,37.0431,-100.921,72.64,16,0,28.77,clear sky
673,Berlevag,NO,70.8578,29.0864,17.4,78,100,33.2,light snow
674,Ramona,US,33.0417,-116.8681,86.16,22,0,10.36,clear sky
675,Moscow,RU,55.7522,37.6156,55.24,61,100,6.6,overcast clouds
676,Clarence Town,AU,-32.5833,151.7833,65.86,96,87,3.11,overcast clouds
677,Neuquen,AR,-38.9516,-68.0591,57.09,47,75,10.36,broken clouds
678,Sturgeon Bay,US,44.8342,-87.377,36.0,60,20,16.11,light rain
679,Tefe,BR,-3.3542,-64.7114,86.11,79,75,5.75,moderate rain
680,Mehamn,NO,71.0357,27.8492,19.06,75,100,29.91,light snow
681,Cervo,ES,43.6702,-7.4101,54.97,93,100,4.81,overcast clouds
682,Kasongo-Lunda,CD,-6.4667,16.8167,71.46,96,100,1.57,light rain
683,Sahuaripa,MX,29.05,-109.2333,98.62,10,0,9.04,clear sky
684,Kattivakkam,IN,13.2167,80.3167,86.09,88,78,10.0,broken clouds
685,Ruwi,OM,23.5996,58.5507,89.29,36,55,10.0,broken clouds
686,Mayenne,FR,48.3333,-0.6667,51.24,83,20,9.98,few clouds
687,Santa Vitoria Do Palmar,BR,-33.5189,-53.3681,71.01,82,56,9.78,broken clouds
688,Kuytun,RU,54.3419,101.5036,35.15,66,100,5.61,overcast clouds
689,Hualmay,PE,-11.0964,-77.6139,72.37,75,25,11.14,scattered clouds
690,Amahai,ID,-3.3333,128.9167,78.15,85,82,3.47,broken clouds
691,Asau,RO,46.4333,26.4,51.28,90,35,1.66,scattered clouds
692,Azuaga,ES,38.2667,-5.6833,54.32,73,100,4.0,overcast clouds
693,Sulangan,PH,11.1373,123.7228,81.72,80,100,11.18,overcast clouds
694,Duncan,US,34.5023,-97.9578,71.82,25,0,8.05,clear sky
